[
  {
    "pk": 1,
    "model": "eighth.EighthSponsor",
    "fields": {
      "user": 489
    }
  },
  {
    "pk": 2,
    "model": "eighth.EighthSponsor",
    "fields": {
      "user": 151
    }
  },
  {
    "pk": 3,
    "model": "eighth.EighthSponsor",
    "fields": {
      "user": 42
    }
  },
  {
    "pk": 4,
    "model": "eighth.EighthSponsor",
    "fields": {
      "name": "Random People"
    }
  },
  {
    "pk": 1,
    "model": "eighth.EighthActivity",
    "fields": {
      "name": "Dormancy Club",
      "sponsors": [1]
    }
  },
  {
    "pk": 2,
    "model": "eighth.EighthActivity",
    "fields": {
      "name": "Basket Weaving",
      "sponsors": [2]
    }
  },
  {
    "pk": 3,
    "model": "eighth.EighthActivity",
    "fields": {
      "name": "Sys Op Administrators",
      "sponsors": [3]
    }
  },
  {
    "pk": 4,
    "model": "eighth.EighthActivity",
    "fields": {
      "name": "Model United Nations",
      "sponsors": [2]
    }
  },
  {
    "pk": 5,
    "model": "eighth.EighthActivity",
    "fields": {
      "name": "Lincoln Douglas Debate Team",
      "sponsors": [1]
    }
  },
  {
    "pk": 6,
    "model": "eighth.EighthActivity",
    "fields": {
      "name": "Future Problem Solvers",
      "sponsors": [4]
    }
  },






  {
    "pk": 111,
    "model": "eighth.EighthActivity",
    "fields": {
      "name": "foobar Dormancy Club",
      "sponsors": [1]
    }
  },
  {
    "pk": 112,
    "model": "eighth.EighthActivity",
    "fields": {
      "name": "foobar Basket Weaving",
      "sponsors": [2]
    }
  },
  {
    "pk": 113,
    "model": "eighth.EighthActivity",
    "fields": {
      "name": "foobar Sys Op Administrators",
      "sponsors": [3]
    }
  },
  {
    "pk": 114,
    "model": "eighth.EighthActivity",
    "fields": {
      "name": "foobar Model United Nations",
      "sponsors": [2]
    }
  },
  {
    "pk": 115,
    "model": "eighth.EighthActivity",
    "fields": {
      "name": "foobar Lincoln Douglas Debate Team",
      "sponsors": [1]
    }
  },
  {
    "pk": 116,
    "model": "eighth.EighthActivity",
    "fields": {
      "name": "foobar Future Problem Solvers",
      "sponsors": [4]
    }
  },






  {
    "pk": 1,
    "model": "eighth.EighthBlock",
    "fields": {
      "date": "2013-09-09",
      "locked": false,
      "block": "A"
    }
  },
  {
    "pk": 2,
    "model": "eighth.EighthBlock",
    "fields": {
      "date": "2013-09-09",
      "locked": false,
      "block": "B"
    }
  },
  {
    "pk": 3,
    "model": "eighth.EighthBlock",
    "fields": {
      "date": "2013-09-11",
      "locked": false,
      "block": "A"
    }
  },
  {
    "pk": 4,
    "model": "eighth.EighthBlock",
    "fields": {
      "date": "2013-09-11",
      "locked": false,
      "block": "B"
    }
  },
  {
    "pk": 1,
    "model": "eighth.EighthBlock",
    "fields": {
      "date": "2013-09-13",
      "locked": false,
      "block": "B"
    }
  },
  {
    "pk": 2,
    "model": "eighth.EighthBlock",
    "fields": {
      "date": "2013-09-15",
      "locked": false,
      "block": "A"
    }
  },
  {
    "pk": 3,
    "model": "eighth.EighthBlock",
    "fields": {
      "date": "2013-09-15",
      "locked": false,
      "block": "B"
    }
  },
  {
    "pk": 4,
    "model": "eighth.EighthBlock",
    "fields": {
      "date": "2013-08-11",
      "locked": false,
      "block": "B"
    }
  },
  {
    "pk": 3,
    "model": "eighth.EighthScheduledActivity",
    "fields": {
      "attendance_taken": false,
      "comments": "",
      "block": 1,
      "activity": 3
    }
  },
  {
    "pk": 4,
    "model": "eighth.EighthScheduledActivity",
    "fields": {
      "attendance_taken": false,
      "comments": "",
      "block": 1,
      "activity": 4
    }
  },
  {
    "pk": 5,
    "model": "eighth.EighthScheduledActivity",
    "fields": {
      "attendance_taken": false,
      "comments": "",
      "block": 1,
      "activity": 5
    }
  },
  {
    "pk": 6,
    "model": "eighth.EighthScheduledActivity",
    "fields": {
      "attendance_taken": false,
      "comments": "",
      "block": 1,
      "activity": 6
    }
  },




  {
    "pk": 111,
    "model": "eighth.EighthScheduledActivity",
    "fields": {
      "attendance_taken": false,
      "comments": "",
      "block": 1,
      "activity": 111
    }
  },
  {
    "pk": 113,
    "model": "eighth.EighthScheduledActivity",
    "fields": {
      "attendance_taken": false,
      "comments": "",
      "block": 1,
      "activity": 113
    }
  },
  {
    "pk": 114,
    "model": "eighth.EighthScheduledActivity",
    "fields": {
      "attendance_taken": false,
      "comments": "",
      "block": 1,
      "activity": 114
    }
  },
  {
    "pk": 115,
    "model": "eighth.EighthScheduledActivity",
    "fields": {
      "attendance_taken": false,
      "comments": "",
      "block": 1,
      "activity": 115
    }
  },
  {
    "pk": 116,
    "model": "eighth.EighthScheduledActivity",
    "fields": {
      "attendance_taken": false,
      "comments": "",
      "block": 1,
      "activity": 116
    }
  },







  {
    "pk": 7,
    "model": "eighth.EighthScheduledActivity",
    "fields": {
      "attendance_taken": false,
      "comments": "",
      "block": 2,
      "activity": 1
    }
  },
  {
    "pk": 9,
    "model": "eighth.EighthScheduledActivity",
    "fields": {
      "attendance_taken": false,
      "comments": "",
      "block": 2,
      "activity": 3
    }
  },
  {
    "pk": 10,
    "model": "eighth.EighthScheduledActivity",
    "fields": {
      "attendance_taken": false,
      "comments": "",
      "block": 2,
      "activity": 4
    }
  },
  {
    "pk": 13,
    "model": "eighth.EighthScheduledActivity",
    "fields": {
      "attendance_taken": false,
      "comments": "",
      "block": 3,
      "activity": 1
    }
  },
  {
    "pk": 14,
    "model": "eighth.EighthScheduledActivity",
    "fields": {
      "attendance_taken": false,
      "comments": "",
      "block": 3,
      "activity": 2
    }
  },
  {
    "pk": 15,
    "model": "eighth.EighthScheduledActivity",
    "fields": {
      "attendance_taken": false,
      "comments": "",
      "block": 3,
      "activity": 4
    }
  },
  {
    "pk": 19,
    "model": "eighth.EighthScheduledActivity",
    "fields": {
      "attendance_taken": false,
      "comments": "",
      "block": 4,
      "activity": 1
    }
  },
  {
    "pk": 22,
    "model": "eighth.EighthScheduledActivity",
    "fields": {
      "attendance_taken": false,
      "comments": "",
      "block": 4,
      "activity": 4
    }
  },
  {
    "pk": 23,
    "model": "eighth.EighthScheduledActivity",
    "fields": {
      "attendance_taken": false,
      "comments": "",
      "block": 4,
      "activity": 5
    }
  },
  {
    "pk": 24,
    "model": "eighth.EighthScheduledActivity",
    "fields": {
      "attendance_taken": false,
      "comments": "",
      "block": 4,
      "activity": 6
    }
  },
  {
    "pk": 1,
    "model": "eighth.eighthsignup",
    "fields": {
      "user": 14333,
      "activity": 23
    }
  },
  {
    "pk": 2,
    "model": "eighth.eighthsignup",
    "fields": {
      "user": 14333,
      "activity": 24
    }
  },
  {
    "pk": 3,
    "model": "eighth.eighthsignup",
    "fields": {
      "user": 8889,
      "activity": 24
    }
  }
]